{
  "best_model": "Ridge",
  "best_MAE": 1.666603746868951,
  "best_R2": 0.9429396170312454,
  "best_Accuracy": 0.9301176581534429
}