{
  "tmax_tehran_mean": 23.791094513070956,
  "tmax_tehran_std": 10.393010249625622
}